<?xml version="1.0" encoding="UTF-8"?>
<project-private xmlns="http://www.netbeans.org/ns/project-private/1">
    <editor-bookmarks xmlns="http://www.netbeans.org/ns/editor-bookmarks/2" lastBookmarkId="0"/>
    <open-files xmlns="http://www.netbeans.org/ns/projectui-open-files/2">
        <group>
            <file>file:/E:/NeatBean%20Project/SendFile/src/sendfile/Entry.java</file>
            <file>file:/E:/NeatBean%20Project/SendFile/src/sendfile/SendMail.java</file>
            <file>file:/E:/NeatBean%20Project/SendFile/src/sendfile/MailConfig.java</file>
            <file>file:/E:/NeatBean%20Project/SendFile/src/sendfile/Action.java</file>
            <file>file:/E:/NeatBean%20Project/SendFile/src/sendfile/Email.java</file>
            <file>file:/E:/NeatBean%20Project/SendFile/src/sendfile/Screen.java</file>
        </group>
    </open-files>
</project-private>
